Unique_idx,price
15544,546500.0
17454,288750.0
21548,604750.0
3427,475569.0
8809,291000.0
3294,657500.0
275,459750.0
8736,1427500.0
6161,532000.0
19832,495000.0
17232,580000.0
1305,532500.0
12702,449750.0
12717,656125.0
17327,390975.0
8196,1052500.0
13,373500.0
13412,489000.0
16484,247500.0
14761,328350.0
1675,269475.0
17478,457258.5
19226,1212500.0
8083,629000.0
17237,334000.0
18122,523500.0
19836,540000.0
10046,345000.0
13341,460000.0
8040,528000.0
18568,714944.0
19398,485550.0
13790,314750.0
19649,985250.0
16718,251500.0
19,295000.0
11249,259500.0
4122,295750.0
9632,418500.0
5768,585500.0
1903,356225.0
19629,420498.5
17331,464600.0
12448,358250.0
5014,308000.0
9598,195400.0
6604,607000.0
12280,525285.0
19245,469500.0
20627,594944.0
13888,1125500.0
16804,689975.0
16254,332000.0
16196,359000.0
5816,235500.0
12096,709975.0
17180,714975.0
11768,342500.0
1428,465000.0
3401,368215.0
2741,580500.0
17958,1000000.0
4988,661000.0
3286,387500.0
19771,477500.0
6775,742500.0
21026,544250.0
9384,402500.0
19776,342475.0
9551,450100.0
20399,790000.0
8520,528750.0
14833,267500.0
17846,618975.0
21321,897500.0
15430,1148750.0
8353,362450.0
6227,252500.0
17876,839250.0
9390,798000.0
20086,435150.0
219,306384.0
20944,784250.0
13620,676250.0
13354,283500.0
9692,467000.0
17429,594975.0
20640,457500.0
13415,219000.0
3423,280750.0
12103,536000.0
18668,408700.0
17598,493500.0
20321,349000.0
15573,335500.0
2011,285000.0
1405,491000.0
13825,712000.0
8420,605000.0
6240,569750.0
15842,490000.0
8347,550000.0
7182,580500.0
6197,1160637.5
20773,246000.0
17016,741500.0
12804,325500.0
2684,413000.0
19631,425500.0
17599,185475.0
5879,212500.0
10654,390000.0
1901,315000.0
19138,370000.0
20392,455750.0
16406,441000.0
18137,391000.0
5914,305500.0
14575,192450.0
11871,529250.0
13285,545000.0
13490,420975.0
21165,577500.0
15718,410750.0
352,265000.0
15278,787500.0
16543,604950.0
6454,631250.0
18327,1150000.0
16864,440000.0
5789,707500.0
18346,605000.0
694,451975.0
1955,507500.0
8249,222125.0
7019,698500.0
16466,604500.0
7962,432500.0
938,395000.0
14560,451225.0
18703,533750.0
14676,291750.0
14925,615475.0
17633,385000.0
21399,832352.0
14098,625000.0
16636,1088000.0
13646,557500.0
4102,416500.0
9465,468750.0
2525,331000.0
7275,251500.0
12445,400250.0
14599,497500.0
6247,380000.0
484,543500.0
8705,409975.0
21233,790000.0
11675,388500.0
5531,394550.0
7355,375000.0
4163,384000.0
4933,351750.0
5061,314999.0
9941,492000.0
16990,305646.0
3309,440000.0
6086,345000.0
9802,562500.0
290,592000.0
12353,422300.0
14264,432500.0
11680,1020000.0
15151,408000.0
596,309000.0
6714,1184910.0
16869,622500.0
9958,440750.0
7529,302050.0
20906,247475.0
20809,1247500.0
7540,255000.0
6859,432000.0
8130,503500.0
7921,550000.0
554,279475.0
11271,448975.0
9944,757250.0
18972,291500.0
12338,275000.0
2575,457500.0
16502,285500.0
1637,532475.0
516,432900.0
10686,442475.0
8928,728250.0
4771,538750.0
17969,543250.0
20358,480000.0
8011,379975.0
17087,1034500.0
8505,300000.0
19669,393500.0
14415,380000.0
19184,905500.0
12254,935785.0
3672,668000.0
6203,713475.0
6817,651250.0
14871,528000.0
1090,589500.0
16329,321500.0
3964,281625.0
18495,577225.0
20995,698000.0
6228,432130.0
20396,1090000.0
11869,566758.5
4088,536837.5
18853,522500.0
7463,778000.0
19502,326750.0
20509,479000.0
19323,1701500.0
16015,570000.0
4193,379000.0
565,458500.0
17611,413000.0
8599,319000.0
559,489500.0
3402,246500.0
9425,511501.0
1295,266500.0
16181,268000.0
21286,334200.0
6551,420000.0
5697,393000.0
20691,374750.0
19185,267500.0
1225,340225.0
15675,251500.0
9063,557500.0
7787,666000.0
8077,403500.0
7296,405750.0
19066,406900.0
14084,516750.0
20647,514095.0
4030,580000.0
4829,395402.5
2609,272250.0
7509,276000.0
12928,287475.0
2862,379925.0
8838,1264000.0
10776,602500.0
13382,627500.0
21003,349000.0
5155,481500.0
15376,1475000.0
6100,728000.0
9071,475500.0
15919,628750.0
6423,304500.0
8146,887778.5
20427,265083.5
19149,404500.0
11668,661975.0
4674,565150.0
1174,253100.0
18734,313000.0
3925,795000.0
10683,1325000.0
18924,327963.5
6640,422475.0
5734,602250.0
17536,243750.0
5042,279250.0
2220,302500.0
4204,573550.0
13122,487725.0
10283,1845550.0
2349,684500.0
3137,682500.0
14544,357500.0
18246,277500.0
2675,315500.0
811,483750.0
17181,370000.0
15971,572000.0
16705,568000.0
1480,792750.0
397,593750.0
8155,857500.0
3656,225525.0
9355,274500.0
10057,251750.0
13373,510500.0
3370,552475.0
300,1397500.0
10676,289750.0
20789,676500.0
16779,589944.0
4322,361000.0
8996,1148000.0
3625,525000.0
20467,905000.0
14503,489000.0
7244,280000.0
2447,236500.0
8207,283062.5
17892,183500.0
3851,551250.0
33,625000.0
8339,337500.0
989,402500.0
20915,648000.0
20674,1062500.0
8521,397475.0
6215,304500.0
13299,663750.0
13760,549500.0
5815,700000.0
7666,253000.0
9157,492250.0
14315,207500.0
12364,585000.0
13651,326000.0
6364,340000.0
17207,967500.0
153,1506000.0
4646,342500.0
7939,585500.0
18903,242200.0
506,547500.0
8027,367000.0
16036,609475.0
17419,242475.0
19593,341600.0
17131,566375.0
10729,450500.0
8486,342500.0
18638,398000.0
14113,272750.0
438,418500.0
11944,707000.0
510,563500.0
18397,229000.0
7693,350500.0
7673,672475.0
15898,337000.0
18688,512500.0
2979,400000.0
11826,440000.0
15496,221250.0
7832,400000.0
12440,779750.0
21225,635000.0
2952,395975.0
1247,739950.0
17371,507500.0
813,569975.0
3971,638155.5
9488,566250.0
9489,734250.0
13873,417475.0
7227,431000.0
13892,376500.0
8419,455850.0
9971,593750.0
19378,307975.0
13573,1283500.0
16316,201625.0
16638,490450.0
14096,886190.0
18447,291375.0
13138,727500.0
11290,556500.0
11060,372500.0
13503,427500.0
16126,517475.0
19452,298500.0
9873,720000.0
14440,244995.0
10332,378000.0
16607,530000.0
1398,213750.0
1289,510500.0
9736,382500.0
10457,729500.0
18984,760000.0
10814,295000.0
8744,433000.0
4982,450000.0
16321,391500.0
1596,423750.0
4714,353074.0
8645,483250.0
2401,252500.0
20199,564000.0
15190,355000.0
21432,387000.0
11471,1512000.0
10144,392500.0
13949,520000.0
1638,300250.0
12004,399950.0
13725,544000.0
1300,399000.0
13746,257500.0
5717,256500.0
11425,390000.0
6958,295500.0
20628,402000.0
20956,811500.0
14952,1257500.0
20612,386500.0
10517,368240.0
8468,492225.0
10525,1816500.0
18317,391250.0
19234,795000.0
227,333500.0
15212,299000.5
18600,344000.0
8214,392500.0
1850,525000.0
6039,352500.0
10255,419750.0
10156,456500.0
9173,292950.0
13269,305750.0
16889,540650.0
6396,281500.0
12677,346000.0
7651,434999.5
3315,322475.0
15016,532250.0
21231,422500.0
8665,405000.0
4115,301475.0
21222,510000.0
5232,490000.0
7322,573000.0
10030,882500.0
6113,365000.0
9053,539650.0
11447,1165000.0
3142,362495.0
4839,599000.0
19607,1124500.0
7603,212750.0
13073,632500.0
9017,315000.0
10329,980995.0
15045,780500.0
20227,520500.0
14238,432475.0
20750,499950.0
5018,537261.5
4137,558000.0
6804,422500.0
19701,410750.0
2372,248250.0
5692,251000.0
246,694500.0
10897,702500.0
10860,338000.0
16286,970000.0
21189,385000.0
11408,556500.0
6610,296500.0
8715,320250.0
21124,698750.0
10161,757500.0
21030,740000.0
4799,305000.0
8864,300000.0
20336,614975.0
3471,800000.0
12812,270500.0
6603,793000.0
10893,279975.0
4258,279000.0
18525,493750.0
20407,905000.0
19304,357500.0
20638,266000.0
1475,433600.0
4043,607000.0
15904,997500.0
4203,433750.0
15286,671400.0
110,643500.0
10359,439000.0
16872,450250.0
3661,317475.0
12518,662500.0
16417,612500.0
9454,321500.0
3058,525500.0
14715,612000.0
18581,270000.0
2124,412500.0
551,1134350.0
415,626000.0
21337,426500.0
11594,482475.0
7494,925500.0
9479,360250.0
15389,933750.0
19289,348500.0
1892,605000.0
12301,339000.0
3198,325000.0
15135,450475.0
14480,574000.0
9973,307500.0
11480,256250.0
7364,554000.0
8887,529500.0
11986,379000.0
10728,474500.0
18446,432500.0
21486,500750.0
2366,1607500.0
15155,436000.0
12793,265250.0
1998,529500.0
2713,1145207.5
2463,333500.0
21149,923250.0
9660,472500.0
4423,364000.0
8507,361225.0
608,505250.0
19597,148690.0
4330,317500.0
20135,400000.0
918,267000.0
837,455000.0
13689,335000.0
3891,702475.0
1910,290000.0
12511,587200.0
2403,346500.0
15416,257500.0
183,266000.0
9681,631000.0
20497,531225.0
21498,514095.0
6366,674100.0
3764,277475.0
14010,542500.0
891,655250.0
5844,241000.0
10159,211950.0
2293,310000.0
9880,445475.0
9426,405000.0
5809,300000.0
1603,980000.0
15557,405500.0
7012,262500.0
6811,247500.0
8852,388100.0
10853,585000.0
14953,1250000.0
8732,392300.0
221,530000.0
15497,560000.0
19298,899500.0
10888,550675.0
3136,343000.0
10557,599500.0
1916,510000.0
44,385975.0
5846,360750.0
16420,313000.0
14912,298950.0
2072,285250.0
2794,675500.0
20401,611200.0
14949,534000.0
6528,482500.0
6068,512500.0
5240,827750.0
18238,503500.0
2360,400000.0
17094,747500.0
20779,366450.0
18093,285750.0
3774,327500.0
2682,602500.0
13901,439525.0
15976,342500.0
14873,662475.0
6135,794000.0
9503,593250.0
14862,270000.0
8620,401950.0
4120,711364.5
19122,347000.0
8221,670000.0
625,225975.0
16790,502450.0
1522,387500.0
2811,931995.0
14314,468450.0
16372,1622500.0
16401,228500.0
1953,314250.0
16708,303500.0
16937,308000.0
5496,630100.0
3419,576800.0
15745,877475.0
1181,521250.0
7878,259000.0
20438,436250.0
3231,560950.0
2798,293000.0
12580,543000.0
16184,959350.0
16419,477500.0
18759,514000.0
6269,379999.5
16475,192775.0
10206,400750.0
20517,462100.0
5398,524500.0
13691,308500.0
19419,491750.0
10040,640000.0
20796,344750.0
11091,408000.0
3607,557535.0
7083,569475.0
19333,674970.0
14616,375000.0
14562,191500.0
11640,401094.0
1350,526000.0
6502,348250.0
17885,854000.0
10351,605000.0
20070,497500.0
1808,481750.0
5198,705500.0
12026,426000.0
13987,512500.0
12714,517500.0
19260,1622500.0
1988,391000.0
5645,773750.0
1828,462250.0
7839,334500.0
19511,365944.0
17657,792500.0
1385,476500.0
2230,357500.0
5190,492500.0
4173,674000.0
2590,713350.0
13508,730500.0
21040,892500.0
11904,365000.0
14151,1176250.0
3869,824000.0
2820,321500.0
13117,427750.0
6327,1549444.0
11360,285000.0
20919,424500.0
11355,675500.0
1883,342000.0
7569,400500.0
10468,622500.0
741,354950.0
21077,444500.0
15361,446950.0
5962,1253500.0
3484,594050.0
6770,2053462.5
19255,894500.0
18742,372000.0
9264,500000.0
4368,309000.0
749,367916.0
9793,437475.0
9417,858750.0
6828,690000.0
10446,1597500.0
391,555000.0
12461,440000.0
2999,522500.0
3106,625500.0
5388,680000.0
12782,809250.0
16653,347475.0
8932,281625.0
8708,323150.0
6619,270150.0
4668,375000.0
1070,434000.0
8801,477500.0
19568,881000.0
11330,430000.0
21592,420000.0
17422,274000.0
11419,481475.0
15162,615000.0
11457,209150.0
168,360750.0
231,718944.0
13394,640000.0
18716,887250.0
72,647500.0
11531,680500.0
6691,650000.0
20301,564500.0
2802,420000.0
3525,374500.0
19925,268950.0
12478,387850.0
12354,439000.0
18270,200000.0
7739,505000.0
2038,257500.0
18066,627000.0
12831,404000.0
5632,575500.0
10134,333500.0
6632,456500.0
1362,710500.0
3833,409000.0
3930,272100.0
8691,547600.0
1732,1872478.0
12716,340000.0
11211,334000.0
12370,2382500.0
19741,369950.5
14126,553750.0
8230,521500.0
10939,430000.0
6847,632500.0
21037,367217.5
21160,293711.5
10264,861395.0
2711,306000.0
13094,262005.0
19563,523000.0
8893,742750.0
20295,1927500.0
5623,219500.0
12635,382500.0
17264,301000.0
2907,490000.0
18756,669500.0
10458,481750.0
82,567500.0
5952,330750.0
4414,540000.0
4909,287500.0
17018,720000.0
15617,1176500.0
5455,702500.0
11726,367450.0
15695,657500.0
17762,253400.0
9765,407500.0
13917,607225.0
21453,457500.0
20707,404000.0
20014,522400.0
10840,686500.0
14428,840555.5
14518,596000.0
4325,395384.0
11684,357500.0
19056,409975.0
8005,1006563.0
4871,760000.0
7932,845000.0
15594,386450.0
14917,394975.0
8942,552500.0
8421,273750.0
8449,526000.0
92,245500.0
13697,671000.0
324,539750.0
20437,418000.0
14651,492000.0
20012,477500.0
13828,578500.0
10227,180750.0
15103,379503.5
13279,882500.0
702,477500.0
2085,2225000.0
13933,362500.0
1841,599997.5
12933,705000.0
17283,216150.0
20157,429975.0
7533,398500.0
875,529637.5
4390,642450.0
18861,874500.0
17979,487500.0
343,334000.0
2404,549500.0
7985,464500.0
4904,260000.0
16478,408950.0
4722,257950.0
4835,260500.0
1026,324500.0
4760,953500.0
19738,343475.0
8464,322750.0
3719,425000.0
9767,234750.0
7080,637500.0
14895,351000.0
11910,380250.0
7648,434400.0
13265,277500.0
12664,491250.0
12404,212750.0
2984,618756.0
19256,307000.0
20126,933995.0
9916,473000.0
11578,558250.0
5601,290225.0
19758,1042500.0
20038,458500.0
21153,649975.0
16672,506500.0
1421,270500.0
10949,1274750.0
21173,674950.0
4883,274500.0
12731,484550.0
1141,380000.0
10892,343999.5
3008,549975.0
12676,869450.0
21283,984235.0
2052,415000.0
20055,590000.0
9745,1971500.0
21109,343724.5
18263,305000.0
5002,458000.0
19899,534095.0
12787,331500.0
16429,547500.0
19982,363150.0
17276,407250.0
5637,334975.0
3227,281000.0
12175,320000.0
18490,276250.0
7437,254500.0
921,320750.0
12603,577500.0
11350,571150.0
10106,316247.5
13149,249500.0
1869,1351500.0
5435,912500.0
10485,248500.0
4836,454000.0
21257,389302.5
5761,982750.0
7687,589000.0
4271,337500.0
11666,424000.0
1925,487500.0
12372,417500.0
13863,362950.0
12885,1187000.0
18788,575500.0
859,262500.0
8641,612500.0
15864,204375.0
16237,164325.0
20831,605975.0
12499,336250.0
4719,191500.0
5045,302500.0
21118,512450.0
16125,520000.0
19287,409975.0
12637,447500.0
15018,440000.0
16958,312500.0
19504,572500.0
16318,264950.0
6700,327050.0
3094,250000.0
17354,1046500.0
3610,299503.0
1312,615000.0
2908,352500.0
21371,487450.0
6038,255000.0
10536,652750.0
14822,1274750.0
2779,278250.0
15242,341500.0
12726,448500.0
2858,1112500.0
4424,680000.0
832,433160.5
16317,372500.0
14321,571000.0
6089,267500.0
13958,461000.0
17898,165062.5
10350,752000.0
17970,660000.0
20458,1383500.0
8396,318375.0
9923,840000.0
15765,825250.0
12528,297475.0
15412,461000.0
2377,492345.5
8364,247475.0
9655,651250.0
8637,549689.5
8834,361500.0
17467,314450.0
21484,785000.0
14573,460000.0
11978,1020000.0
2591,476500.0
8793,520999.0
1113,555000.0
7542,485450.0
2573,376850.0
20598,523500.0
5453,392000.0
5680,367500.0
8243,804950.0
20381,1104750.0
16331,319975.0
21606,640000.0
10434,258850.0
15197,397500.0
1013,375475.0
15895,434999.5
2430,294000.0
1301,294850.0
8540,772000.0
6907,622000.0
7947,274500.0
21060,752997.5
18805,398475.0
4124,341750.0
8488,233450.0
8985,765000.0
10048,287500.0
11218,350500.0
6880,675000.0
10598,354600.0
19470,242000.0
4360,342500.0
4796,537500.0
21028,377750.0
2093,695000.0
6487,1100000.0
5215,333000.0
11174,561250.0
20843,557000.0
3195,419000.0
20212,308212.5
16537,397000.0
16691,485000.0
10611,380500.0
17495,300000.0
3498,550000.0
19448,465250.0
16613,425000.0
6735,614000.0
2131,381500.0
7632,967750.0
81,306475.0
2752,617250.0
10315,421500.0
6027,275500.0
9255,420500.0
2364,503500.0
11414,333000.0
16077,473000.0
10478,302500.0
19322,520000.0
419,574000.0
2311,465000.0
945,380000.0
16213,610000.0
10610,380500.0
3085,357500.0
9258,451475.0
19635,576500.0
10482,380000.0
3403,400000.0
21282,514750.0
12643,268500.0
6639,596250.0
7212,434423.0
5707,403500.0
10385,712500.0
10634,533000.0
18535,851750.0
20940,1310000.0
8952,562500.0
19450,696975.0
11002,249500.0
10871,493975.0
12610,344000.0
10463,360212.5
21314,1252500.0
7115,538750.0
4744,877500.0
10213,822500.0
3095,487500.0
1236,343750.0
19481,319150.0
11155,571000.0
1662,421500.0
20372,443000.0
17677,532500.0
9430,462500.0
16130,270000.0
10551,662500.0
12230,278162.5
4679,385750.0
4921,675500.0
9533,524250.0
20096,640000.0
7471,400000.0
12750,288500.0
12784,689250.0
18139,770000.0
3908,460050.0
10244,778000.0
3345,587500.0
2032,216800.0
5082,457000.0
16542,396250.0
6064,331250.0
1436,627450.0
7127,1222500.0
3247,690000.0
5747,927500.0
6612,662500.0
8543,270000.0
6482,384975.0
11683,674975.0
17725,430000.0
4429,482500.0
14069,218250.0
17252,799995.0
8440,303750.0
7562,442000.0
9086,700000.0
8720,589500.0
17807,408000.0
18951,402450.0
3505,370475.0
866,886190.0
12521,400500.0
18930,531000.0
11985,471267.0
17108,580245.0
9617,240567.5
3577,372499.5
4948,498300.0
19530,417907.5
10751,530000.0
11268,1347500.0
18698,480000.0
20158,310000.0
19818,731000.0
12981,398500.0
717,667500.0
470,735000.0
8516,885000.0
1468,407500.0
15522,1162500.0
12756,442475.0
3830,261000.0
4502,684999.5
14345,357500.0
8002,232750.0
3272,869000.0
8369,454500.0
13498,622500.0
14456,782500.0
10818,564500.0
10726,714250.0
14743,967750.0
18737,559197.5
4364,337781.0
2521,295737.5
3736,475000.0
85,626000.0
6772,394975.0
2782,628500.0
9400,272405.0
3257,1015000.0
6023,762000.0
13763,836000.0
8959,519376.0
8527,729000.0
7778,218000.0
213,650000.0
16390,472500.0
9814,576475.0
12591,905000.0
15673,494750.0
7977,574750.0
13792,283000.0
5679,413225.0
16671,506500.0
16535,667500.0
15333,277250.0
3049,400000.0
11029,468132.5
21269,379750.0
14173,332975.0
9429,215850.0
3119,376643.0
8326,539500.0
9929,362500.0
18171,277500.0
16976,452950.0
13283,482500.0
18789,821725.0
20776,582000.0
17202,335000.0
12633,408500.0
11394,484000.0
13594,364000.0
17740,345000.0
9485,255000.0
3561,440000.0
14638,580000.0
20581,510000.0
13998,726500.0
19262,930000.0
12466,445000.0
19238,492475.0
15241,872495.0
6440,566250.0
14867,264725.0
12221,376250.0
618,271000.0
17338,714150.0
820,891000.0
12474,269500.0
18076,490000.0
8405,641725.0
2932,180000.0
14139,1372499.5
6036,296250.0
15643,347000.0
13198,738750.0
15744,295000.0
12858,381250.0
4576,513750.0
5921,445000.0
2371,707500.0
12146,289750.0
18651,531000.0
19968,664975.0
2578,775000.0
8395,276750.0
11916,215500.0
2206,353000.0
17973,210200.0
11117,414000.0
6755,975000.0
442,483750.0
18499,236500.0
16870,377500.0
14479,648475.0
1201,483300.0
2507,574750.0
11293,270000.0
20080,317500.0
10454,509500.0
6060,352500.0
14626,342500.0
14110,526017.5
7150,156250.0
11284,930500.0
2055,305697.5
18477,1870000.0
12824,266250.0
7663,801250.0
18574,419500.0
21138,566950.0
18249,762500.0
8137,298000.0
21009,490000.0
7435,770000.0
12605,845000.0
8268,319000.0
14171,251500.0
10378,306000.0
12540,341500.0
2073,412500.0
9093,389250.0
11364,562450.0
6405,312500.0
10272,208000.0
6004,753500.0
2893,529000.0
3069,528000.0
4707,166000.0
18046,402750.0
2510,299250.0
8500,621500.0
8876,477450.0
8093,300000.0
20656,666044.0
13538,367237.5
10200,415000.0
21157,672500.0
10937,351575.0
7350,1486000.0
13112,258000.0
5508,447475.0
19488,430000.0
1772,607425.0
18636,641250.0
2939,581000.0
21360,366000.0
1073,596000.0
9174,341500.0
19493,425000.0
17562,186000.0
16648,546000.0
15107,314000.0
1455,419475.0
20383,468000.0
17718,716250.0
8547,423725.0
20116,464000.0
18261,592000.0
9332,222000.0
19498,413000.0
16047,333750.0
9090,282500.0
18673,437500.0
8026,292500.0
3153,1248700.0
18468,513000.0
16786,454376.0
18530,486500.0
20523,557500.0
420,345000.0
12586,2097500.0
7065,602750.0
1440,1590000.0
869,295750.0
10618,538750.0
13153,432000.0
6201,258775.0
11341,785000.0
776,632550.0
3917,399250.0
15169,1275689.0
12316,997444.0
6821,499000.0
13557,608250.0
1383,517500.0
16980,342500.0
7597,392500.0
4856,240000.0
14514,354500.0
14753,710250.0
4207,837495.0
4182,415000.0
8126,205000.0
16743,225000.0
15600,440000.0
7827,810000.0
2641,1061500.0
3987,310000.0
16721,1240000.0
2028,389000.0
11103,648500.0
7812,317750.0
18184,406250.0
15029,344950.0
10012,255500.0
4158,705500.0
11562,446000.0
2797,429250.0
17997,498725.0
18301,690000.0
7210,805000.0
9527,865000.0
8955,301600.0
12082,237600.0
20763,568000.0
7377,450500.0
21367,745500.0
4610,263750.0
4678,665000.0
17555,637500.0
5234,572500.0
10633,1321500.0
5029,760000.0
19243,710000.0
12614,802550.0
15844,239500.0
35,714375.0
5793,842500.0
17474,326500.0
13531,203750.0
10754,337500.0
2462,385500.0
6469,414000.0
14823,433146.0
15679,764975.0
4403,304500.0
4289,366750.0
1427,500949.5
18689,362500.0
2232,553750.0
10414,220000.0
8391,386000.0
6596,815475.0
15523,260500.0
9241,484975.0
19425,997500.0
18799,609000.0
2141,187500.0
14641,284475.0
1945,1045000.0
11234,397250.0
12222,484000.0
2539,304700.0
5500,483900.0
12224,465500.0
19471,715000.0
2483,310500.0
3669,475000.0
18421,472500.0
2843,242250.0
5036,388750.0
16362,603000.0
18098,739997.5
16269,421250.0
13032,566250.0
17992,260000.0
18025,602495.0
4349,357942.5
5739,872500.0
8953,398725.0
9532,498750.0
88,285500.0
5221,830180.0
1633,478500.0
21268,387497.5
9233,638500.0
8316,680000.0
1296,408500.0
6923,331000.0
5700,394500.0
13459,553500.0
2868,422500.0
14674,682000.0
11441,1247500.0
3920,701000.0
18295,400275.0
11622,303500.0
3455,1257500.0
1054,747500.0
2985,537500.0
7045,1323000.0
13865,270750.0
12307,362000.0
407,251250.0
9907,637500.0
6383,583350.0
21073,423975.0
3312,367800.0
953,795975.0
11983,620000.0
14934,400125.0
12395,576250.0
17002,1919000.0
16165,422250.0
18125,470475.0
5299,218750.0
4891,615000.0
2996,229950.0
6789,512500.0
19553,530000.0
16505,261000.0
15301,302975.0
13120,1055000.0
801,1771250.0
16574,213500.0
17017,472250.0
11221,877000.0
19526,870000.0
5282,1019000.0
18266,892500.0
4806,417500.0
2784,615000.0
7380,591000.0
14897,516525.0
21488,896975.0
10890,732500.0
20583,867500.0
4677,453000.0
2039,257500.0
14722,374750.0
15949,230000.0
7225,395000.0
2918,559410.0
12017,769250.0
3145,306250.0
1189,406095.0
4380,397000.0
9918,464200.0
5480,1000500.0
10801,480500.0
13756,189975.0
5244,424500.0
1798,383250.0
11477,423750.0
17528,639450.0
3782,607500.0
1359,520000.0
13642,884000.0
20332,582250.0
20493,703750.0
18237,505000.0
16474,258350.0
5853,245000.0
19194,626000.0
1084,1587500.0
5246,251500.0
4370,367500.0
10901,445000.0
8454,650000.0
10258,366000.0
15796,362500.0
14030,1537500.0
19623,384749.5
18561,625000.0
18334,630000.0
19472,250250.0
18630,740000.0
4386,1088500.0
6437,411000.0
482,503500.0
597,794050.0
4017,560950.0
21057,1002441.0
1433,1390000.0
18065,279500.0
17890,434944.0
5028,355000.0
13106,402850.0
14055,300000.0
3629,330000.0
10215,209500.0
15094,332662.5
12046,435000.0
1017,352000.0
10408,299975.0
6890,335000.0
18980,659500.0
18348,584737.5
14164,635000.0
2079,777500.0
4915,949500.0
1524,408375.0
9444,307500.0
2336,365450.0
8723,437475.0
14304,452500.0
3475,558000.0
6377,192500.0
17013,1464000.0
2098,393250.0
620,261725.0
2806,416775.0
11064,504500.0
18695,357500.0
15778,342500.0
18371,416375.0
15213,1443750.0
12268,407750.0
20716,382695.5
1520,330000.0
3289,147500.0
1114,258750.0
2000,600000.0
19710,884950.0
7968,316250.0
5539,204975.0
8401,771000.0
12897,577500.0
629,601200.0
21090,529000.0
8578,577500.0
6111,312500.0
9296,189750.0
2459,495000.0
20549,828750.0
20113,254500.0
17242,407500.0
20298,315000.0
7422,317000.0
3874,224975.0
12886,380000.0
18730,701500.0
1530,961250.0
941,413000.0
10907,480000.0
5919,757500.0
9036,618375.0
21406,295800.0
21319,409250.0
21584,438500.0
17491,340140.0
5595,375975.0
11257,1283500.0
10065,329500.0
18277,655000.0
5126,414000.0
15069,387500.0
19316,413000.0
14212,622750.0
12412,650000.0
4797,184250.0
6055,235500.0
1758,428500.0
5618,335250.0
455,800000.0
21006,471000.0
11936,940450.0
884,692500.0
15175,397500.0
613,543500.0
2560,554000.0
5794,293950.0
8755,553500.0
19212,627000.0
9750,880000.0
4316,1590000.0
555,720000.0
8277,355500.0
21274,552000.0
19745,361864.0
9375,613450.0
20244,610000.0
15277,787500.0
8129,393100.0
7622,517000.0
11697,699500.0
1991,424000.0
14134,487500.0
1604,385750.0
16236,299000.0
21045,511375.0
6529,484950.0
2114,355000.0
20652,598500.0
20319,417450.0
4084,348500.0
20768,624500.0
2786,595000.0
12546,294230.0
3323,583500.0
4570,581000.0
10121,544000.0
4140,1097500.0
17096,333600.0
4141,290000.0
14787,177975.0
8300,340000.0
13775,665000.0
14861,491500.0
11166,442500.0
6968,568500.0
15457,322500.0
11614,428500.0
11919,448750.0
9013,582000.0
9778,633950.0
12846,1722000.0
2277,468500.0
3087,218350.0
7218,529000.0
16971,251000.0
16699,346250.0
14590,535000.0
4077,591000.0
15909,481000.0
2958,876500.0
12108,485475.0
1621,618500.0
15922,1242500.0
8375,1323000.0
15170,449750.0
7487,663750.0
1578,506300.0
13286,565000.0
6869,339997.5
12764,633500.0
20323,523295.5
11288,296000.0
17446,482000.0
19340,407000.0
12436,270000.0
2717,956500.0
17340,252500.0
17299,193950.0
9190,410416.0
11148,565000.0
13371,321500.0
18108,262500.0
7473,552500.0
2182,428000.0
5481,330500.0
11450,408250.0
11203,427375.0
8076,447750.0
15510,397500.0
4593,503500.0
13978,577500.0
4,259950.0
12995,276000.0
17511,569000.0
20806,335000.0
3660,329500.0
8487,1030000.0
11417,1260000.0
11499,533750.0
9191,320000.0
7815,839500.0
2528,637500.0
196,274000.0
16365,277500.0
13380,573000.0
5265,253750.0
10593,1127500.0
12178,587500.0
5837,245050.0
7146,460000.0
3003,402250.0
12983,669705.0
20735,454975.0
17132,342000.0
12438,566475.0
14600,453500.0
11535,1138000.0
15196,594225.0
13393,401995.0
20477,392500.0
4405,463975.0
15636,278500.0
19763,709750.0
5558,315000.0
2644,1100500.0
16268,1005000.0
15183,420000.0
20787,378975.0
5903,526495.0
7772,409250.0
7511,426750.0
13429,307475.0
6643,441250.0
8145,467400.0
10194,527500.0
7272,2024000.0
1012,499975.0
18215,395000.0
13581,407500.0
15702,787500.0
8019,483300.0
18089,514450.0
21608,495000.0
14879,772000.0
1544,555000.0
13680,487500.0
5728,622000.0
16075,437750.0
3310,378316.5
10543,451250.0
20337,458500.0
20067,1095000.0
9336,385000.0
11,290000.0
11501,340250.0
7319,405475.0
8157,292475.0
14541,561099.0
11313,526500.0
12746,275000.0
5774,461500.0
13016,514750.0
19567,359500.0
14277,397500.0
20063,194000.0
18721,423125.0
792,1062500.0
12403,180000.0
7429,411250.0
7501,558500.0
7202,498500.0
13533,460000.0
644,473500.0
4286,477500.0
12889,290000.0
21038,245000.0
3780,446500.0
21558,549500.0
310,762000.0
8259,515700.0
20817,446000.0
13249,316328.0
21043,183000.0
17805,346950.0
5616,468500.0
12819,304500.0
5041,397250.0
2247,555000.0
13175,562850.0
20962,301450.0
9046,473000.0
687,933750.0
6801,528250.0
4218,892500.0
9520,482500.0
6974,340000.0
4567,414700.0
6889,215000.0
1792,277000.0
17928,867500.0
11843,1306500.0
12021,310175.0
18172,307500.0
18669,725000.0
3914,3325000.0
370,315500.0
14013,1484458.5
387,590000.0
6020,405000.0
3298,640000.0
13559,332500.0
14658,494775.0
8571,995199.5
17326,281750.0
1863,669500.0
7193,687000.0
3019,186000.0
4527,342499.5
20236,674277.5
5507,706000.0
5281,960000.0
2047,393225.0
1915,497500.0
18364,387470.0
9738,506000.0
1622,1352500.0
17529,532000.0
13403,888600.0
20233,937500.0
5886,930000.0
12140,770000.0
10552,423500.0
8988,840000.0
16467,379975.0
248,288750.0
19233,329050.0
2664,682500.0
1332,493450.0
9088,388100.0
10407,1670000.0
10208,419475.0
4615,396750.0
12207,482055.5
8363,595000.0
10724,502000.0
20462,319000.0
8904,789500.0
5607,701250.0
6570,359250.0
20064,637944.0
15721,515500.0
3267,869500.0
4860,812500.0
10186,422500.0
16114,662750.0
16370,318750.0
4106,901000.0
5206,915000.0
2776,349725.0
14394,503750.0
8275,127500.0
18466,224400.0
16683,930000.0
1960,583750.0
15443,468900.0
20037,299944.0
5869,262500.0
4211,1220000.0
19529,1138663.0
8498,459562.5
600,278750.0
13008,335000.0
15258,1512500.0
6668,515000.0
13002,1202500.0
7899,416000.0
21264,288500.0
12647,367500.0
8564,340500.0
10912,372000.0
8976,446000.0
18920,406500.0
20954,378000.0
15065,490000.0
7842,592250.0
10599,537500.0
332,592500.0
10925,1062500.0
10217,592500.0
15635,325000.0
3208,346000.5
5115,867500.0
13969,442500.0
11864,535000.0
5953,690000.0
9226,487500.0
1104,482750.0
10766,924950.0
20220,380500.0
5119,297000.0
1747,644225.0
8973,572215.5
10429,756250.0
16545,405750.0
13527,938250.0
16132,272250.0
20558,402000.0
6839,437500.0
19007,571500.0
10204,556750.0
5604,372500.0
15825,430500.0
17217,370975.0
8291,185000.0
2385,367500.0
14262,536250.0
20724,586250.0
6463,409500.0
10924,734250.0
14283,281000.0
7638,725000.0
8162,502500.0
16017,679975.0
2951,649030.0
9405,418000.0
10064,497500.0
9009,681550.0
14869,544000.0
1513,274500.0
17768,270000.0
1599,550500.0
8842,485000.0
12390,540500.0
16828,202500.0
3501,481500.0
3847,240500.0
19643,560000.0
17300,395000.0
7372,356475.0
11175,372000.0
18003,349500.0
12030,394000.0
19860,545000.0
18489,394000.0
14319,437000.0
12297,416200.0
15000,289250.0
2012,386250.0
4732,429580.0
19162,297500.0
14642,769000.0
13750,473500.0
1715,674500.0
15049,1468750.0
201,307500.0
20825,403949.5
15182,559500.0
12092,442500.0
21253,703000.0
21586,432002.5
13609,613000.0
10172,339000.0
5606,555125.0
12131,507500.0
9410,745000.0
5384,476600.0
11945,1433000.0
4884,322450.0
9633,360500.0
14859,1394000.0
10865,722500.0
10930,665000.0
21602,303750.0
2370,640000.0
9528,610000.0
11740,525000.0
7160,799500.0
21155,322500.0
1282,747500.0
10579,349000.0
12993,180750.0
15482,2669500.0
12747,401975.0
20745,470750.0
14524,239125.0
9616,630000.0
17007,344505.0
134,655000.0
9018,681500.0
17687,293950.0
3253,297500.0
17627,374250.0
5459,772750.0
7040,307200.0
15298,250000.0
13257,665000.0
5754,745000.0
8623,233000.0
8572,225000.0
15359,418825.0
18806,834975.0
19624,857500.0
19401,334925.0
1463,446900.0
18679,473950.0
5120,399250.0
199,602500.0
19311,245000.0
4127,460850.0
8202,557500.0
3991,645975.0
6826,557500.0
15863,301250.0
4639,474875.0
15043,264950.0
9064,631375.0
8343,373750.0
10211,391000.0
5694,508250.0
21534,732500.0
11351,274987.5
8305,726500.0
4633,1155000.0
5191,384850.0
11730,563000.0
3347,561500.0
7818,662500.0
7287,392500.0
10678,452000.0
18727,301500.0
7659,659150.0
17271,352000.0
3875,712500.0
8370,402000.0
21223,529995.0
10449,479500.0
15592,832500.0
10341,588500.0
6202,507000.0
755,497500.0
6948,513500.0
9625,650500.0
1827,438500.0
17306,433500.0
19612,569150.0
12200,576000.0
13372,450500.0
15131,183000.0
4828,926250.0
17572,437475.0
3563,1242500.0
3148,359950.0
15680,659150.0
7008,895000.0
10199,479500.0
18255,512500.0
8201,726783.5
20022,399475.0
2874,495000.0
14355,985500.0
14186,389975.0
4620,378750.0
17671,417500.0
19852,475000.0
4784,396500.0
4954,638500.0
69,1570700.0
5729,327500.0
2621,461500.0
11371,628500.0
10861,271000.0
21568,465000.0
15537,585000.0
444,249000.0
20655,898975.0
8573,887000.0
2078,230000.0
10775,502450.0
13852,549250.0
15407,274975.0
7767,152500.0
9081,592500.0
4015,782500.0
8640,247500.0
170,487500.0
18313,662500.0
7841,356500.0
13118,455000.0
11598,938375.0
542,408500.0
7374,496975.0
7819,281500.0
1297,639050.0
18481,399000.0
16255,415500.0
2123,622500.0
4438,439750.0
16785,290000.0
11840,571000.0
427,924500.0
14878,485000.0
17378,405500.0
9359,382500.0
17427,387475.0
10278,788750.0
13600,519000.0
18895,323250.0
17284,452000.0
6562,278475.0
490,405500.0
15576,430500.0
1976,519975.0
12242,285000.0
1866,541500.0
3969,591500.0
7,217500.0
339,827500.0
18068,255000.0
12834,255000.0
11518,522750.0
5522,936500.0
6095,574000.0
10931,259000.0
20429,409527.5
19941,852000.0
16860,402000.0
11181,604125.0
942,255975.0
18370,271000.0
4468,1261500.0
5631,845250.0
3380,489500.0
9445,355500.0
16523,328750.0
12942,301500.0
736,271850.0
10439,543000.0
10854,525750.0
20034,634225.0
7189,346750.0
16932,392500.0
12773,600000.0
3640,178000.0
1148,781000.0
3697,634000.0
1253,702500.0
16897,969500.0
5792,412500.0
17387,356250.0
11188,456000.0
20081,732500.0
4625,431975.0
2036,569000.0
20540,440000.0
14405,452550.0
13411,1476250.0
12630,315000.0
3543,312247.5
13561,425000.0
18541,280500.0
14994,212475.0
16072,452000.0
11464,419475.0
10125,503750.0
13146,1550257.5
4563,231550.0
17510,341500.0
11183,275000.0
3600,367500.0
9594,251250.0
7214,525750.0
18141,472750.0
4559,880000.0
8777,682500.0
4696,1906250.0
1242,465000.0
272,377500.0
11018,992000.0
10994,444630.0
14424,587500.0
4733,905000.0
17029,260000.0
4792,659000.0
7483,272875.0
4310,510475.0
14637,480000.0
4314,969495.0
8061,465000.0
17251,740500.0
14258,737500.0
1304,431250.0
13301,299500.0
13347,308500.0
17205,575750.0
6558,1172500.0
9815,325000.0
13837,572500.0
871,291500.0
7930,460000.0
16936,354250.0
4838,252500.0
4785,628750.0
12561,930000.0
7167,329000.0
3075,687500.0
10876,281000.0
6654,715875.0
16973,939500.0
14689,695000.0
819,323500.0
20246,539500.0
8084,342500.0
7996,433500.0
15112,420498.5
16219,368500.0
7177,563500.0
21456,322500.0
17175,606000.0
5973,286500.0
17281,273412.5
21386,445000.0
4726,655500.0
2745,807500.0
4907,440900.0
13582,224000.0
15300,326500.0
14287,635000.0
2647,438500.0
18268,432500.0
13245,421250.0
6183,575000.0
20443,470617.0
292,427500.0
11863,397500.0
5822,370000.0
4300,351000.0
3057,382500.0
1698,365000.0
6443,547500.0
17841,250750.0
19757,711000.0
2029,361150.0
19991,269500.0
6927,405000.0
13968,240000.0
10488,594000.0
8866,287450.0
12351,702506.0
5071,505362.5
17976,321500.0
19127,662475.0
8483,569000.0
18383,267500.0
12673,656125.0
15344,477500.0
2151,568625.0
20518,1255400.0
4622,503000.0
12235,710000.0
10802,690000.0
8338,610000.0
2739,1016250.0
3435,331250.0
9396,426000.0
18876,650250.0
10819,289950.0
10958,1035700.0
994,132500.0
13474,451750.0
13520,492500.0
7652,895000.0
20923,1765000.0
7259,428750.0
18549,281250.0
5461,570000.0
7572,346720.0
12247,248200.0
20514,312000.0
18006,222450.0
14650,294250.0
15598,597500.0
18154,532500.0
239,949500.0
14167,488376.5
18480,406000.0
15733,1512500.0
20082,566950.0
435,567500.0
17026,572500.0
16841,450500.0
20951,509500.0
2278,713500.0
16906,371970.0
11564,549975.0
16137,602940.0
5322,379000.0
14049,350325.0
12651,577475.0
7890,605000.0
9300,561500.0
7323,400000.0
14078,998500.0
9631,393100.0
5421,244995.0
12504,322975.0
16140,264750.0
7649,574000.0
8497,335500.0
12727,362000.0
6995,326000.0
17980,2042500.0
4711,569475.0
11790,214745.0
7552,484975.0
16939,380500.0
389,287500.0
1565,1070500.0
20377,766862.5
16157,377000.0
3135,390475.0
17286,397750.0
943,602500.0
20243,299500.0
296,353750.0
9861,670300.0
12728,682500.0
2894,817450.0
15558,304400.0
1186,247475.0
6158,308500.0
17938,704972.5
11872,273412.5
8920,511250.0
9683,450000.0
1393,244995.0
18797,286000.0
16935,348500.0
6660,353250.0
11025,517250.0
18228,292500.0
4846,731500.0
16999,205500.0
6863,373500.0
4864,367750.0
13100,708775.0
9253,727500.0
4281,515000.0
1124,525500.0
9114,676250.0
17023,197500.0
9252,635000.0
662,478750.0
15991,394000.0
15411,260000.0
14539,266350.0
13185,460500.0
8003,518607.0
11336,358750.0
15927,212000.0
16204,253000.0
4755,400078.0
15740,479940.0
3976,688000.0
15526,1404750.0
14770,218575.0
17963,362500.0
20871,380050.0
18243,284500.0
10499,828750.0
5543,619000.0
3439,1274750.0
20016,529745.5
8983,345250.0
3579,555250.0
1968,437500.0
4383,387000.0
20105,442000.0
13707,195975.0
9117,1784750.0
5499,288000.0
21412,423000.0
11302,404997.5
1674,760000.0
15050,540550.5
20860,384000.0
11520,417475.0
8546,1505000.0
12399,359250.0
5569,281000.0
1432,279658.5
17082,500000.0
10743,495250.0
5576,208575.0
6483,364775.0
13638,717500.0
18372,305000.0
1154,590000.0
3809,417500.0
205,527400.0
21503,624500.0
11096,302500.0
3194,813495.0
4664,435000.0
4014,382500.0
8937,429000.0
9912,381000.0
5736,448500.0
16256,600000.0
17362,1014000.0
6295,243850.0
7461,571500.0
16961,337500.0
857,577500.0
5094,635500.0
7595,225000.0
16320,297750.0
2780,496500.0
1684,435475.0
9586,664550.0
12783,900000.0
15093,264500.0
18411,520000.0
7837,602500.0
15970,312500.0
15339,306000.0
18018,299000.0
9289,411975.0
9737,1188663.0
4617,311000.0
13282,637500.0
8681,234250.0
10761,316250.0
2273,484975.0
6155,366675.0
2879,491500.0
1390,610750.0
567,692500.0
10198,352500.0
2610,525000.0
15153,359250.0
14902,433375.0
13940,1279444.0
21277,322500.0
6378,375000.0
8987,710000.0
1989,542475.0
2476,362925.0
5877,277475.0
6670,1047500.0
6283,545000.0
6540,694500.0
10813,700250.0
10545,705500.0
4352,253475.0
2814,568975.0
3613,640550.0
18399,296500.0
16249,674000.0
8119,324000.0
1481,364250.0
15198,587000.0
8677,572000.0
10373,2520450.0
11228,236025.0
804,323475.0
2957,612500.0
8891,471387.5
14740,547500.0
9068,360000.0
12199,1457500.0
21504,454075.0
16941,356750.0
16010,564975.0
11576,776000.0
1539,1240000.0
1852,344975.0
7668,1036250.0
10176,515000.0
21361,565000.0
9994,1527500.0
2164,377750.0
16086,352500.0
109,481000.0
10053,330500.0
8066,452500.0
14323,464605.0
16402,705000.0
19642,266750.0
6154,440000.0
8870,459000.0
1891,792475.0
17049,452500.0
2556,410000.0
17632,703750.0
6544,555250.0
14785,348500.0
20783,804950.0
15615,600000.0
7822,401000.0
7539,602750.0
19402,882500.0
4747,603694.0
10475,528000.0
5118,432500.0
7260,458000.0
9186,984000.0
11143,307500.0
13226,704750.0
16741,1725000.0
13069,379750.0
17702,550000.0
7124,194975.0
13637,470000.0
17778,424500.0
3406,892500.0
18919,559650.0
8451,682500.0
7149,448225.0
15121,308000.0
2620,1471015.5
14667,490000.0
14990,370500.0
19766,909500.0
9645,457500.0
15073,953500.0
8910,1347500.0
16163,166500.0
13289,462500.0
1360,505000.0
10638,411500.0
10077,447250.0
21306,546000.0
18432,959350.0
20128,546499.5
11206,299000.0
17936,662444.0
6491,356000.0
18771,404000.0
2265,347500.0
1270,448250.0
5260,247500.0
9590,721500.0
4290,152250.0
14206,520500.0
12944,340250.0
13433,1017900.0
12244,651500.0
1288,270000.0
9374,489050.0
2156,276950.0
1453,357000.0
9197,310200.0
11449,255000.0
10062,435615.0
18174,271225.0
13906,254000.0
17080,362245.0
13674,332500.0
9628,647500.0
18898,467500.0
13588,337500.0
4670,323500.0
19451,397475.0
12698,232600.0
7664,386000.0
6673,233500.0
19929,427500.0
1190,414000.0
3308,650250.0
3064,491825.0
4765,392500.0
16982,504000.0
1589,307500.0
19801,492000.0
5506,716000.0
19999,977450.0
18725,343500.0
706,350500.0
12066,549500.0
2877,310000.0
9110,591250.0
106,629050.0
14227,361500.0
18084,245800.0
12303,555000.0
6729,508500.0
15082,388500.0
10790,589000.0
9310,698625.0
21178,884950.0
8534,438750.0
3695,817500.0
7100,280850.0
13916,669950.0
20453,775000.0
21159,679975.0
19814,1107330.0
9602,626750.0
20842,367250.0
19484,2300000.0
2301,194450.0
5617,638500.0
9286,498500.0
10828,519950.0
1921,737500.0
20182,307500.0
5902,1065000.0
15442,534900.0
7024,391500.0
1251,331250.0
19716,400750.0
15950,352475.0
4172,460000.0
11604,622000.0
11052,363500.0
1899,307500.0
8227,1251500.0
12084,465000.0
8213,397500.0
6468,514095.0
10616,977500.0
19412,300000.0
15313,753340.0
10910,638000.0
16600,434466.0
14231,439500.0
19720,364975.0
13230,558500.0
2729,277800.0
1224,1150000.0
8862,2122500.0
6,280250.0
13129,433515.5
8462,339500.0
6054,312475.0
4879,453077.5
11558,467300.0
1978,1114000.0
8308,612000.0
21010,535500.0
8668,366000.0
18216,427450.0
11900,670725.0
10734,278000.0
1936,252475.0
19195,493000.0
10168,424725.0
11585,284500.0
19953,485750.0
19144,384500.0
13946,547500.0
6741,302500.0
13595,183500.0
7187,361500.0
14032,1455000.0
9490,734250.0
4167,522500.0
15037,417475.0
321,642500.0
6864,569904.0
3983,587500.0
3472,529000.0
4930,347500.0
2544,620250.0
8416,260000.0
9739,394750.0
4355,466650.0
692,445000.0
15630,564925.0
19823,1525000.0
13740,840750.0
6901,351000.0
11352,1523750.0
3368,735650.0
17932,646000.0
6238,402500.0
15334,707500.0
5930,509400.0
19693,544250.0
13504,477500.0
21378,542500.0
2275,509250.0
14115,257000.0
4530,317750.0
616,307500.0
2548,431226.0
20620,1170500.0
3325,713975.0
4365,382475.0
20961,390950.0
16267,438250.0
856,293250.0
12145,413500.0
563,743250.0
11440,779977.5
12969,404125.0
65,981000.0
15542,201500.0
16729,2200000.0
13388,383000.0
17243,336975.0
17308,521500.0
18117,471000.0
14063,641500.0
5916,181000.0
1092,820000.0
5567,502000.0
8552,264875.0
21325,667750.0
14393,647475.0
17109,339299.0
13259,534095.0
13822,386500.0
2238,437750.0
9319,345000.0
18949,429250.0
255,324250.0
7168,542000.0
21532,336750.0
17410,509250.0
20304,471050.0
5657,412000.0
18542,518975.0
1831,350000.0
18726,457475.0
19317,276500.0
10354,382450.0
17236,313200.0
12182,235500.0
1320,434500.0
16063,530000.0
4894,279975.0
19332,348500.0
8456,458100.0
12201,475000.0
10437,629975.0
5335,287500.0
17473,507500.0
14459,535000.0
2904,1045000.0
2552,515000.0
19229,247500.0
4139,483750.0
15983,360500.0
16587,792500.0
17183,522400.0
8211,391500.0
13298,663750.0
16669,293000.0
9612,1787500.0
6279,935025.0
20499,706225.0
867,376500.0
4467,407975.0
17966,445000.0
9770,309975.0
14832,202775.0
5185,169950.0
15908,272500.0
9914,789500.0
9379,409950.0
7243,638000.0
8916,375000.0
18656,510250.0
20572,639500.0
13685,692850.0
20048,801997.5
20533,262450.0
6256,355000.0
2219,558900.0
20887,420400.0
8971,200000.0
287,403500.0
20410,379975.0
19148,2240650.0
18498,203900.0
17316,288500.0
14255,1060000.0
21569,332400.0
3854,582500.0
5313,271000.0
18784,258500.0
21471,593502.5
6565,384975.0
17756,1522500.0
14693,357500.0
20681,824000.0
20153,364975.0
4398,460000.0
10320,197475.0
21570,484225.0
8780,410000.0
17233,227500.0
5004,516000.0
11761,1303350.0
8304,243500.0
11932,393750.0
7999,438500.0
7198,297750.0
1105,249750.0
18677,265000.0
870,485000.0
8923,466500.0
1366,432500.0
11179,296500.0
7207,526250.0
19082,399000.0
17895,1978750.0
5396,907500.0
5033,581000.0
15707,625000.0
12777,341000.0
9180,476987.5
9698,434750.0
22,451500.0
14349,563000.0
13868,472250.0
21261,585000.0
12109,340000.0
1981,593750.0
12712,375000.0
7037,425000.0
10355,255500.0
4675,708000.0
13048,707000.0
14588,417500.0
18511,649030.0
16849,460000.0
8224,898250.0
12344,275500.0
3191,530500.0
20556,465500.0
9705,690000.0
20252,705000.0
8172,379000.0
771,321500.0
18810,422500.0
13992,240000.0
3351,408601.5
5463,338250.0
16569,432258.5
654,366500.0
10153,678750.0
15997,259750.0
6525,293500.0
9177,592500.0
20837,642000.0
6083,359250.0
17552,426000.0
11767,816507.5
10753,237500.0
11130,381500.0
9171,428000.0
966,253000.0
6669,694350.0
5417,477250.0
16028,663000.0
7121,460000.0
6685,220000.0
4485,478000.0
20266,413875.0
6207,357500.0
5946,541000.0
20164,363000.0
19819,690450.0
13315,725000.0
19614,722750.0
18311,355000.0
19030,453875.0
7877,362250.0
19441,277500.0
1150,468750.0
21511,1007499.5
20613,386500.0
8816,949750.0
19918,320500.0
5280,521000.0
15994,513500.0
19840,438750.0
12392,539750.0
7285,280063.0
5721,570000.0
2518,504500.0
21195,397500.0
7849,236250.0
19411,264975.0
3699,752500.0
7476,417450.0
15229,456250.0
17457,489000.0
10570,467250.0
3880,359000.0
6967,439000.0
19786,292000.0
9938,449950.0
16101,434500.0
20403,310500.0
6957,271000.0
11145,1115000.0
13229,480000.0
1728,342475.0
13453,759500.0
6332,542500.0
3339,330500.0
15533,540000.0
4641,770000.0
3729,745000.0
13700,1415725.0
9675,475569.0
8136,980000.0
2007,760000.0
1416,252500.0
16748,430950.0
14235,288500.0
17188,765000.0
2088,1117500.0
10405,950000.0
21129,285400.0
3933,397500.0
2097,658750.0
14043,526500.0
5055,542000.0
20576,524975.0
14923,1057500.0
18782,497500.0
3158,252500.0
713,264500.0
8226,339725.0
1699,519250.0
793,245050.0
14984,875000.0
1339,770000.0
20194,524995.0
12932,685000.0
8400,371500.0
13611,347500.0
19906,342500.0
384,1400500.0
8819,521987.5
12809,671750.0
5476,409975.0
3862,441500.0
3519,1282500.0
10107,255000.0
16045,277961.0
19169,526500.0
14416,627000.0
4841,501250.0
1191,282000.0
18962,389450.0
19034,260975.0
6607,758546.5
18743,462000.0
19449,454000.0
19547,648000.0
13172,375000.0
19409,387975.0
10735,600000.0
17196,583750.0
2137,349000.0
18224,323500.0
5570,237000.0
9942,463975.0
14058,315000.0
2320,1847856.5
19314,544000.0
10589,300875.0
16863,168725.0
7240,330000.0
2935,558075.0
21346,485000.0
7640,563500.0
9474,550975.0
5593,420000.0
1506,572000.0
6350,403000.0
13687,479995.0
6912,395000.0
13523,347700.0
20936,399200.0
17532,354500.0
13626,322500.0
6495,765000.0
18602,640000.0
14582,746250.0
14972,960000.0
9165,256000.0
8102,249950.0
7344,566250.0
5283,266000.0
5276,402250.0
17730,609250.0
5918,329000.0
3244,348000.0
16800,351324.0
4660,584500.0
12484,308600.0
5106,382500.0
3690,147500.0
18777,615000.0
16566,205000.0
16048,366000.0
711,375000.0
12686,320000.0
6806,240000.0
20585,763421.0
8879,707500.0
3278,670300.0
13599,311225.0
20202,587500.0
19570,338500.0
15336,257475.0
8598,268500.0
12069,398450.0
7356,288500.0
18100,533750.0
8799,269500.0
19755,532500.0
18645,412500.0
11550,347500.0
5444,310975.0
13340,417150.0
21096,414975.0
15791,475000.0
21451,562000.0
8767,397000.0
21121,652500.0
11888,617475.0
17272,245075.0
7353,482500.0
15603,302750.0
10804,924950.0
3486,339500.0
1281,187000.0
14727,695000.0
15564,197750.0
13156,298000.0
15036,171250.0
10490,249000.0
11755,170404.0
12512,333000.0
16693,189975.0
18028,434500.0
20125,722500.0
3011,550000.0
18071,674500.0
13517,751109.5
3128,765000.0
7484,262250.0
12234,405000.0
8075,430000.0
14490,272404.0
10883,264950.0
21463,570000.0
10091,605000.0
10789,507500.0
12724,361225.0
20590,817000.0
18842,1487500.0
8646,487000.0
4110,490500.0
9431,402550.0
1147,571500.0
16500,149183.5
19548,565250.0
17320,679250.0
14629,428250.0
7234,534500.0
6753,286000.0
4079,379500.0
20818,1253500.0
10300,336890.0
6793,848000.0
16296,499975.0
20017,379950.0
15259,426978.5
3832,490000.0
3214,311000.0
13234,549000.0
9014,618500.0
14333,301650.0
9185,224500.0
3072,259375.0
15279,621250.0
6500,2099444.0
10568,562500.0
13794,347500.0
15085,545000.0
13005,397500.0
494,344000.0
1183,926250.0
11894,568025.0
18637,202500.0
11396,490085.0
13385,895000.0
2770,462750.0
11065,843850.0
21437,539500.0
16994,487000.0
1714,917500.0
10356,530000.0
19940,528500.0
573,668475.0
15768,1012000.0
3364,406000.0
5259,245000.0
12979,1066500.0
4516,568475.0
11679,908000.0
11669,420000.0
466,277500.0
20423,480500.0
6985,320000.0
8871,455000.0
18169,738250.0
18578,438750.0
21044,443000.0
12094,925500.0
18474,337000.0
7105,378418.5
142,237499.5
4698,275000.0
4546,323250.0
18803,360500.0
5350,540725.0
1521,370295.0
2878,219500.0
2795,373975.0
7593,458500.0
1548,309750.0
11618,422475.0
13741,495500.0
15010,865750.0
433,210784.0
18214,477475.0
20595,343500.0
8120,987400.0
2080,349000.0
20722,1601500.0
12419,325000.0
4779,659500.0
6774,402500.0
1685,1000000.0
15648,246750.0
17741,1117475.0
7184,398000.0
7370,297500.0
385,384700.0
10739,335825.0
8069,484800.0
135,232000.0
7856,703500.0
911,737500.0
14278,550975.0
14868,268600.0
11222,396250.0
20938,518500.0
13275,530000.0
2702,574812.5
8580,457000.0
15423,599200.0
19798,478549.0
2223,303750.0
1941,737500.0
19087,200000.0
21244,933750.0
17069,649250.0
16314,392500.0
1419,346375.0
2588,250000.0
13460,720250.0
6712,342000.0
15365,210350.0
17889,550000.0
13542,1397500.0
130,313750.0
1970,300000.0
12789,857450.0
19604,497500.0
17105,437500.0
14888,430000.0
4111,636975.0
11996,222500.0
5655,352500.0
7855,309000.0
5462,645250.0
21470,621875.0
8325,877500.0
12015,575000.0
828,389500.0
1957,493700.0
2027,519050.0
612,304425.0
2369,590000.0
8290,580500.0
16343,1140000.0
3746,377500.0
12797,387500.0
1806,437500.0
2512,700000.0
11329,393725.0
2670,260500.0
19815,357500.0
18020,475500.0
4117,247500.0
1924,602000.0
5291,482000.0
14566,225900.0
18105,382500.0
8588,899000.0
13729,419500.0
17153,560000.0
1302,375000.0
3733,1050000.0
13995,352500.0
12998,333949.5
487,608500.0
15577,499000.0
16434,375000.0
3623,625000.0
13059,340000.0
6356,295000.0
1602,485000.0
6353,291250.0
119,508900.0
959,396250.0
17987,324250.0
7238,429500.0
5129,786500.0
14312,256475.0
16432,415000.0
11579,323500.0
948,775500.0
3117,220500.0
16396,395500.0
15840,612500.0
10090,444500.0
14317,465187.5
12613,724000.0
20845,407250.0
2217,705000.0
8447,512500.0
11389,352000.0
8576,686750.0
3810,395000.0
2434,604294.0
125,816530.0
3337,309000.0
6105,408750.0
14192,717500.0
20284,445250.0
18514,356261.5
5104,595250.0
6458,765000.0
10109,677000.0
1060,180750.0
8499,450000.0
10653,333500.0
19080,1163000.0
5804,280750.0
3631,402500.0
8900,460000.0
6587,433500.0
8233,335100.0
5975,132500.0
7889,534500.0
11083,683435.0
11544,613000.0
19902,476000.0
17009,191000.0
13938,553975.0
7440,859475.0
20318,437500.0
14814,354950.0
3283,1004750.0
2460,346500.0
12262,371000.0
5377,526000.0
14837,372500.0
10596,462000.0
13749,341500.0
2465,400750.0
6881,529500.0
16942,722150.0
11898,706950.0
8797,520000.0
21404,349500.0
17801,247750.0
20764,278755.0
2285,320000.0
13350,901500.0
19376,333500.0
3091,440000.0
13276,828000.0
2144,564500.0
20586,532250.0
20571,497500.0
14500,355000.0
10850,602500.0
11597,356250.0
2445,184190.0
2061,343975.0
4694,526000.0
12620,895500.0
8529,295150.0
10784,848500.0
20998,717450.0
16361,459425.0
16640,442500.0
12538,392500.0
18394,360500.0
12598,260500.0
9409,935150.0
19345,660000.0
13727,351000.0
6139,245975.0
14162,506500.0
9328,410000.0
4523,256975.0
18778,359750.0
7591,486625.0
13724,314500.0
8360,226500.0
5661,600000.0
12289,253900.0
986,570800.0
2543,665000.0
1691,265975.0
1933,512000.0
8877,513750.0
21101,534495.0
15401,815000.0
13918,486250.0
5659,448250.0
8589,1238500.0
20892,476600.0
18579,514250.0
4067,348000.0
7299,455000.0
17245,1674950.0
9935,935000.0
21601,457500.0
15438,562475.0
10547,435000.0
20010,1302500.0
11724,430000.0
18983,303000.0
13333,360500.0
14742,574000.0
5065,905000.0
13884,355900.0
1217,1222500.0
13000,236000.0
6865,411250.0
15678,306000.0
14232,1590000.0
5860,416500.0
7439,349975.0
17275,325000.0
15021,341500.0
6909,450500.0
13928,376500.0
4476,266050.0
2617,302250.0
10060,612000.0
13891,282250.0
11573,690000.0
12342,442150.0
19881,874435.0
19321,350500.0
9828,459400.0
4222,474000.0
19950,906000.0
9576,330000.0
16893,439500.0
14567,406500.0
13811,434000.0
5044,624000.0
21438,379900.0
20397,369475.0
8528,323550.0
18992,973000.0
16817,1276750.0
2368,422850.0
15270,406000.0
5307,692500.0
12848,235975.0
10601,753000.0
3676,697500.0
20942,365000.0
15319,752500.0
10084,1330000.0
15199,662500.0
6823,399750.0
17079,842000.0
10778,343247.5
32,592500.0
11264,576475.0
2980,767500.0
18712,405000.0
11845,487500.0
18052,119000.0
16830,409500.0
3361,495625.0
14102,547000.0
16845,837475.0
19564,1050500.0
3354,389100.0
18450,220150.0
8091,398000.0
13816,390000.0
3284,565000.0
16315,247500.0
14755,185750.0
15828,1556250.0
11875,322525.0
13565,884500.0
10205,327500.0
10401,382500.0
21342,534750.0
1967,791040.0
9577,475250.0
3894,247475.0
3946,502000.0
5457,619500.0
3608,375000.0
16592,548260.0
20136,327750.0
20251,931995.0
11163,411000.0
4469,545000.0
1541,407000.0
6824,369000.0
11745,573975.0
7438,522500.0
17910,404500.0
1338,754995.0
20340,1080000.0
863,501987.5
4280,474500.0
18429,374500.0
2563,757500.0
20648,643750.0
14489,399000.0
23,284475.0
20265,432104.5
15750,473500.0
10681,687500.0
6246,510364.0
14828,475000.0
878,249500.0
4131,406000.0
1462,325000.0
854,447475.0
16414,368250.0
20078,567497.5
12099,612500.0
10752,239000.0
19589,298000.0
14423,208000.0
14688,762500.0
6555,444000.0
3586,1032500.0
12626,342500.0
9346,508500.0
3261,238250.0
9759,454000.0
18241,609500.0
11212,577000.0
1177,406500.0
3609,442500.0
8659,249500.0
6560,620500.0
108,898750.0
10450,341500.0
10532,325947.5
14248,390000.0
20190,321750.0
14666,393725.0
15262,675435.0
13752,439000.0
222,523475.0
21405,350750.0
13479,1144850.0
11721,356000.0
18300,447500.0
9369,357225.0
8170,338975.0
21070,330000.0
10829,310975.0
21289,341875.0
3871,977375.0
28,312500.0
6222,531350.0
16749,567497.5
13210,607500.0
15225,426000.0
20987,577500.0
5287,392750.0
3785,267350.0
6505,507500.0
11746,462500.0
18735,273412.5
5226,307000.0
16486,333000.0
17337,392000.0
21593,721250.0
17360,853000.0
3449,402750.0
3926,881250.0
6141,337250.0
12102,472500.0
14387,625000.0
6844,259416.5
18328,978150.0
3039,1686750.0
7598,514975.0
7535,415725.0
2332,505000.0
4282,899000.0
10087,235000.0
14386,321250.0
5988,555000.0
14576,480000.0
1897,269500.0
17668,412000.0
5166,829250.0
5284,437250.0
20391,499950.0
2987,812000.0
14794,287550.0
15125,722750.0
18491,470500.0
12649,237745.0
4960,412475.0
8855,517500.0
1280,518750.0
9820,226950.0
5865,440000.0
17418,228000.0
3903,421350.0
5985,447750.0
2785,301450.0
10582,806750.0
3520,725000.0
10338,605000.0
12325,290500.0
18586,436000.0
10158,570000.0
20840,457618.0
7655,1252500.0
20570,401475.0
7239,339950.0
12703,196500.0
5878,438625.0
12604,553500.0
12829,778500.0
15132,573987.5
993,387500.0
6407,314000.0
6187,449475.0
14184,515000.0
345,289950.0
412,643000.0
13201,701500.0
15281,366000.0
15303,564000.0
15079,690000.0
2245,285500.0
6672,785000.0
17608,902500.0
18239,578500.0
4208,447475.0
2771,426000.0
5599,744950.0
6885,420000.0
12394,340250.0
17782,200500.0
21177,515000.0
5647,588264.0
15473,550000.0
9210,586500.0
14731,478250.0
2051,302975.0
6934,719950.0
16110,1817000.0
17020,298500.0
13546,724900.0
3557,782500.0
15302,509000.0
7042,337500.0
5818,535000.0
1818,600000.0
2635,515500.0
8112,439000.0
7670,671500.0
20602,716000.0
12875,503750.0
20057,460500.0
17915,492500.0
16346,286250.0
11901,471250.0
3951,867500.0
16909,425000.0
9729,538000.0
14247,260000.0
764,426900.0
10139,492500.0
308,477500.0
11300,310000.0
4170,682500.0
4492,506750.0
5085,567500.0
18368,234500.0
15091,838500.0
15761,301500.0
14426,410000.0
3259,552500.0
8778,453000.0
2226,677000.0
20456,372500.0
21245,664450.0
18418,835000.0
3981,474375.0
16079,463077.5
557,337500.0
15053,283975.0
14491,295000.0
20552,415150.0
16251,358775.0
20331,548500.0
14130,337500.0
20700,800000.0
6426,260975.0
10584,827000.0
2071,845000.0
9365,875000.0
19522,393975.0
3821,1713000.0
16944,1618500.0
11955,718725.0
11332,529500.0
7949,451800.0
8688,456250.0
20597,539500.0
17343,325250.0
2934,325000.0
7629,399125.0
2960,520000.0
12516,499250.0
12841,356000.0
8502,188500.0
16005,457500.0
16995,1442500.0
6189,677475.0
12634,408750.0
12835,298000.0
17348,380500.0
8307,439950.0
12923,578000.0
7013,627000.0
20984,425500.0
4421,509500.0
8292,533750.0
8236,239125.0
18148,408225.0
15859,402250.0
7014,591000.0
6399,169500.0
175,413975.0
8319,592000.0
2109,411250.0
18181,218750.0
19826,542475.0
10932,852000.0
21357,722500.0
4774,343250.0
18426,455000.0
18259,997500.0
1204,455500.0
20767,1143500.0
1160,745000.0
18594,1037500.0
5977,580000.0
13712,593500.0
16325,242000.0
20123,529875.0
16716,235000.0
18097,642500.0
20550,268000.0
636,207500.0
9254,966500.0
8158,537500.0
21291,452500.0
15145,607250.5
4426,631000.0
10277,437500.0
11195,425000.0
12257,539975.0
14382,328250.0
19364,339500.0
1504,1445750.0
10535,378000.0
4484,782000.0
8846,262500.0
1810,307500.0
13158,322475.0
5483,323050.0
9047,519500.0
18836,380000.0
14270,397500.0
1789,367100.0
15475,308495.0
5440,618970.0
10068,301500.0
17854,707000.0
12751,342425.0
7725,583750.0
1315,1348750.0
1488,432500.0
20839,272250.0
225,247500.0
2105,394500.0
14906,496975.0
13093,430500.0
11223,198725.0
15076,479500.0
15429,274000.0
20828,830000.0
6354,192962.5
8085,487500.0
5519,237950.0
6892,379500.0
6313,602500.0
3394,522500.0
16877,980000.0
13127,494900.0
17697,272500.0
10700,278500.0
7067,567895.0
3372,348000.0
18374,258250.0
12487,261500.0
21224,431000.0
8634,469750.0
13985,404150.0
6181,425500.0
2356,815500.0
6740,1184950.0
9924,600000.0
10619,1107500.0
6211,447500.0
13368,468500.0
1851,498000.0
9689,441502.0
18936,552000.0
4166,615550.5
3118,210100.0
8250,606500.0
1822,522475.0
6369,453750.0
10706,361450.0
17311,335500.0
5670,501200.0
2050,409975.0
10054,536000.0
17845,408500.0
12775,296500.0
15461,501375.0
1047,717000.0
3249,465000.0
3783,405500.0
18807,619750.0
3603,498102.5
6614,327500.0
15692,1762500.0
13290,237500.0
11793,291975.0
8373,494000.0
16103,452500.0
13823,437450.0
18707,434200.0
967,605000.0
19282,559000.0
7917,862250.0
5534,516000.0
4575,534975.0
18654,241000.0
13578,479500.0
16455,157000.0
6746,586500.0
1546,488075.0
12682,845000.0
14492,331500.0
5863,455000.0
17356,747500.0
16707,247500.0
1005,697500.0
7580,705500.0
18275,416000.0
16507,255750.0
3860,597500.0
9835,532000.0
6245,327473.0
10922,355250.0
20367,499950.0
7686,501000.0
21102,1204495.0
12031,394000.0
12218,325000.0
15501,823000.0
19935,520000.0
18518,330500.0
2577,353750.0
5489,616250.0
5264,341475.0
4464,446900.0
6077,777500.0
18625,659500.0
19076,204750.0
14070,512000.0
17177,656991.5
11897,394950.0
19773,451500.0
5473,255000.0
697,740000.0
17837,495500.0
9937,655500.0
18548,435000.0
3694,407500.0
12274,428500.0
1533,571500.0
14719,302750.0
18999,473500.0
15772,535000.0
8431,378500.0
5997,192450.0
3913,353725.0
16339,400500.0
14083,618250.0
10988,450000.0
12431,369500.0
18415,642500.0
211,430550.0
10382,755000.0
11593,417500.0
4788,762500.0
16503,493725.0
13219,632500.0
3216,585000.0
20142,480180.0
19535,369000.0
7692,568750.0
21517,451000.0
12493,437500.0
16680,250000.0
11852,300500.0
16561,175000.0
10847,629500.0
6790,512500.0
14196,585750.0
16986,324500.0
19174,446750.0
5760,905000.0
18783,483500.0
14071,301500.0
3344,1451500.0
7252,2513000.0
20905,800000.0
19673,508375.0
12284,712500.0
7003,405000.0
15372,233500.0
10573,860000.0
761,413514.0
16826,592500.0
8372,472506.0
17469,405250.0
7081,531800.0
19041,890000.0
8240,590000.0
8231,242450.0
18663,288750.0
4913,413900.0
20532,563000.0
11431,557000.0
3835,897450.0
14203,228975.0
10848,610000.0
1377,382450.0
13432,572500.0
7736,330355.0
10591,420000.0
1623,702500.0
12104,1475000.0
10520,251000.0
18865,280750.0
7062,398750.0
4151,865500.0
408,385000.0
20362,870000.0
562,657000.0
16788,174500.0
3268,589000.0
9749,712000.0
21181,616577.5
19885,501000.0
11533,945000.0
1292,501500.0
5109,880600.5
17769,406000.0
19598,462500.0
20777,533825.0
14398,971500.0
9043,455975.0
84,384975.0
11369,324950.0
1804,781000.0
2017,406000.0
9788,680000.0
18115,468250.0
19027,795000.0
5998,472500.0
5213,437500.0
8481,326500.0
6424,307000.0
12075,517475.0
15239,353800.0
1260,530000.0
8616,502000.0
10353,402500.0
2674,336250.0
7829,317500.0
14850,387500.0
21582,363500.0
17764,727500.0
10303,375000.0
13562,517500.0
12134,526000.0
203,321000.0
14615,209550.0
1783,411250.0
6682,421172.5
11089,853750.0
17813,500000.0
15810,325000.0
20610,306250.0
7051,352250.0
3018,418000.0
18012,547500.0
20967,737500.0
16222,316450.0
13907,1331500.0
3670,264950.0
18751,336751.5
12961,701000.0
1600,880000.0
20626,333145.0
9902,864500.0
13571,499500.0
2014,474200.0
18504,502875.0
19698,730100.0
4253,379450.0
6005,507500.0
20104,579414.0
7020,230000.0
2104,508000.0
1080,305975.0
6069,387475.0
4348,815500.0
9757,379000.0
9841,344000.0
7134,493250.0
15060,679250.0
19069,440000.0
5132,1626250.0
16769,316442.5
3193,237475.0
12696,560000.0
1893,577000.0
9671,600000.0
12892,136000.0
12956,348000.0
17653,432560.0
15595,335975.0
5682,527000.0
18387,893500.0
7251,196500.0
20795,410000.0
11253,2137500.0
17138,256975.0
17906,296000.0
20378,850000.0
14090,271000.0
17302,380750.0
6411,260475.0
16057,607500.0
9676,565475.0
19077,370000.0
20259,515000.0
6337,285000.0
8032,413500.0
7860,690750.0
17829,531000.0
12718,647500.0
838,337500.0
19199,382500.0
9982,520000.0
14008,256750.0
6921,294450.0
16217,413725.0
14817,462750.0
13293,874500.0
7338,397500.0
12571,575000.0
8168,233750.0
8551,510000.0
7609,317500.0
4184,305000.0
1536,799500.0
10033,482000.0
5229,699000.0
20671,269500.0
18529,972500.0
8718,349876.5
10628,352500.0
929,750000.0
2266,284975.0
19011,692500.0
4473,449000.0
21340,472750.0
17685,231250.0
14729,957500.0
13813,770000.0
13131,319829.5
6194,616750.5
19459,346000.0
10313,412500.0
525,220000.0
3007,470500.0
703,430750.0
10834,600500.0
20833,420750.0
4994,592000.0
13862,495250.0
6085,693475.0
21500,410250.0
13115,316750.0
15506,342150.0
12767,423500.0
8063,423000.0
19140,370900.0
18739,325000.0
10792,346944.0
16931,1242500.0
10497,360250.0
6037,453750.0
18970,281750.0
17431,607650.0
4895,822500.0
20760,1104750.0
21255,737200.0
9515,845000.0
6646,429000.0
1785,663750.0
10698,470000.0
11226,755000.0
19271,600000.0
13356,383000.0
1537,715000.0
5177,454450.0
8355,507000.0
619,289000.0
6251,356450.0
21232,427500.0
13977,324000.0
11153,440400.0
19931,436250.0
9974,210350.0
4665,434500.0
3674,315000.0
7770,598975.0
18005,919500.0
14974,409500.0
19047,405000.0
2921,284500.0
19851,689000.0
12434,500500.0
7432,1096500.0
1842,858875.0
15711,326500.0
2196,376475.0
19980,822475.0
9763,715000.0
11048,378500.0
14094,598000.0
13937,433900.0
14413,398000.0
17921,737500.0
556,1900500.0
5709,499975.0
5418,315000.0
19114,889500.0
6915,836850.0
20124,390850.0
38,165424.0
5800,436500.0
12862,411500.0
14855,674250.0
8550,603550.0
15613,208750.0
3858,457000.0
15588,322500.0
10620,740500.0
9270,884950.0
8746,333500.0
3000,461250.0
9216,451017.5
4209,612475.0
2712,369750.0
21429,291500.0
7280,310500.0
13274,407500.0
16263,427000.0
11066,256975.0
9219,367450.0
5910,596000.0
11126,305750.0
13801,345750.0
3169,622000.0
14414,532500.0
6412,259000.0
11946,460575.0
15351,344500.0
18839,462500.0
7039,265128.0
18825,462500.0
13989,462750.0
14670,282500.0
20510,494250.0
12330,132500.0
3366,376500.0
10182,232000.0
4344,1256500.0
5149,840000.0
4230,536000.0
11725,545000.0
15529,1560000.0
3245,391000.0
17479,355000.0
876,387500.0
13848,757500.0
1961,261500.0
877,385000.0
17345,530000.0
1299,298500.0
15027,481500.0
1547,298500.0
12086,580000.0
16476,825000.0
7313,1154975.0
2976,687500.0
1163,439200.0
550,674750.0
13400,465250.0
21078,649444.0
6955,494000.0
10730,537500.0
13470,648475.0
5238,545000.0
16595,411000.0
19039,465000.0
10344,656250.0
6107,486250.0
19358,400750.0
19768,474700.0
20848,351250.0
12508,285225.0
18338,182500.0
15297,457250.0
5096,1770000.0
1727,592000.0
5769,1174000.0
390,360250.0
3355,263000.0
8402,262500.0
5409,472500.0
5098,490250.0
7088,369000.0
10170,862777.5
6631,278000.0
13815,447475.0
3499,831750.0
20686,400117.5
4244,612500.0
2655,368000.0
8205,345000.0
15432,561500.0
5690,426350.0
21218,580499.5
21442,338500.0
20705,334000.0
16760,363500.0
2605,357750.0
13081,481000.0
4501,477000.0
17413,405500.0
17263,367000.0
18715,1150000.0
2863,637500.0
6992,221500.0
11637,237500.0
14404,287500.0
8051,914490.0
19675,273500.0
20666,658250.0
18500,496500.0
10430,337500.0
20711,458000.0
20224,2475000.0
20311,466800.0
9368,414500.0
10080,432475.0
11202,427375.0
20914,437000.0
20664,1175000.0
2395,945000.0
5492,332500.0
12357,473000.0
18331,378250.0
6926,445000.0
3105,470150.0
9468,503475.0
3239,322000.0
13690,262078.0
13840,530000.0
6490,481500.0
20826,603540.0
15295,681000.0
15099,282500.0
5551,700544.0
21531,348500.0
8958,353000.0
307,503750.0
7485,437049.0
15008,314000.0
4294,656125.0
13320,491000.0
3928,780000.0
18234,317500.0
17977,336000.0
3516,655500.0
6855,793475.0
1409,512475.0
900,747500.0
3438,264500.0
3248,417250.0
21316,1205940.0
9187,391000.0
5824,595500.0
10477,249950.0
12373,326500.0
575,476600.0
2937,213750.0
16618,497475.0
12336,558500.0
2851,632000.0
788,440150.0
15122,799940.0
236,565000.0
14900,400000.0
5338,375000.0
8016,674500.0
6900,304975.0
13548,1002500.0
10832,428200.0
15545,558950.0
8423,424375.0
19139,721000.0
15263,2187500.0
10145,589750.0
13781,722475.0
13709,681000.0
6556,200000.0
3415,339500.0
13732,289500.0
10649,358000.0
19513,575500.0
242,460000.0
20276,454500.0
16564,255875.0
16911,439750.0
17386,436000.0
742,562444.0
6479,462000.0
14128,823750.0
4145,264250.0
16147,700000.0
13431,597500.0
10132,937475.0
21591,934925.0
3938,331250.0
5304,960000.0
8536,943000.0
12138,382750.0
4510,432331.5
4339,509250.0
19072,636500.0
1809,324975.0
13190,207450.0
19123,508500.0
2227,575750.0
19059,415000.0
15763,367500.0
15017,621000.0
17783,312500.0
1755,524000.0
17259,491500.0
10133,342250.0
342,444975.0
16929,546890.0
10157,683000.0
7424,255625.0
4135,477495.0
7747,1121050.0
1011,269000.0
5696,425303.0
7479,453000.0
18965,410450.0
19571,455750.0
14762,489150.0
9842,430000.0
10866,632300.0
115,577500.0
14133,344000.0
4648,370000.0
19858,395000.0
5395,317500.0
9742,1099500.0
19355,472100.0
12011,444500.0
3922,272500.0
7958,315000.0
10903,338500.0
15521,533000.0
14366,386500.0
8962,676300.0
2122,388000.0
8829,992500.0
628,577050.0
8881,243850.0
7504,369500.0
15936,490500.0
16635,875000.0
1610,566750.0
17333,394975.0
1291,274975.0
6127,325950.5
4691,524475.0
10757,618500.0
4235,807500.0
1381,362495.0
13597,791000.0
9648,320500.0
18627,307475.0
9553,1558000.0
14200,209950.0
